account_balance,atr_value,risk_pct,sl_atr_multiplier,lots,effective_atr,sl_distance,realised_risk_usd,realised_risk_pct,budget_usd,over_budget
100.0,0.001,0.005,1.0,0.05,0.1,0.1,0.5,0.005,0.5,False
100.0,0.001,0.005,1.5,0.03,0.1,0.15000000000000002,0.45000000000000007,0.0045000000000000005,0.5,False
100.0,0.001,0.005,3.0,0.01,0.1,0.30000000000000004,0.30000000000000004,0.0030000000000000005,0.5,False
100.0,0.001,0.005,10.0,0.01,0.1,1.0,1.0,0.01,0.5,True
100.0,0.001,0.02,1.0,0.1,0.1,0.1,1.0,0.01,2.0,False
100.0,0.001,0.02,1.5,0.1,0.1,0.15000000000000002,1.5000000000000002,0.015000000000000003,2.0,False
100.0,0.001,0.02,3.0,0.06,0.1,0.30000000000000004,1.8000000000000003,0.018000000000000002,2.0,False
100.0,0.001,0.02,10.0,0.02,0.1,1.0,2.0,0.02,2.0,False
100.0,0.001,0.05,1.0,0.1,0.1,0.1,1.0,0.01,5.0,False
100.0,0.001,0.05,1.5,0.1,0.1,0.15000000000000002,1.5000000000000002,0.015000000000000003,5.0,False
100.0,0.001,0.05,3.0,0.1,0.1,0.30000000000000004,3.0000000000000004,0.030000000000000006,5.0,False
100.0,0.001,0.05,10.0,0.05,0.1,1.0,5.0,0.05,5.0,False
100.0,0.05,0.005,1.0,0.05,0.1,0.1,0.5,0.005,0.5,False
100.0,0.05,0.005,1.5,0.03,0.1,0.15000000000000002,0.45000000000000007,0.0045000000000000005,0.5,False
100.0,0.05,0.005,3.0,0.01,0.1,0.30000000000000004,0.30000000000000004,0.0030000000000000005,0.5,False
100.0,0.05,0.005,10.0,0.01,0.1,1.0,1.0,0.01,0.5,True
100.0,0.05,0.02,1.0,0.1,0.1,0.1,1.0,0.01,2.0,False
100.0,0.05,0.02,1.5,0.1,0.1,0.15000000000000002,1.5000000000000002,0.015000000000000003,2.0,False
100.0,0.05,0.02,3.0,0.06,0.1,0.30000000000000004,1.8000000000000003,0.018000000000000002,2.0,False
100.0,0.05,0.02,10.0,0.02,0.1,1.0,2.0,0.02,2.0,False
100.0,0.05,0.05,1.0,0.1,0.1,0.1,1.0,0.01,5.0,False
100.0,0.05,0.05,1.5,0.1,0.1,0.15000000000000002,1.5000000000000002,0.015000000000000003,5.0,False
100.0,0.05,0.05,3.0,0.1,0.1,0.30000000000000004,3.0000000000000004,0.030000000000000006,5.0,False
100.0,0.05,0.05,10.0,0.05,0.1,1.0,5.0,0.05,5.0,False
100.0,0.1,0.005,1.0,0.05,0.1,0.1,0.5,0.005,0.5,False
100.0,0.1,0.005,1.5,0.03,0.1,0.15000000000000002,0.45000000000000007,0.0045000000000000005,0.5,False
100.0,0.1,0.005,3.0,0.01,0.1,0.30000000000000004,0.30000000000000004,0.0030000000000000005,0.5,False
100.0,0.1,0.005,10.0,0.01,0.1,1.0,1.0,0.01,0.5,True
100.0,0.1,0.02,1.0,0.1,0.1,0.1,1.0,0.01,2.0,False
100.0,0.1,0.02,1.5,0.1,0.1,0.15000000000000002,1.5000000000000002,0.015000000000000003,2.0,False
100.0,0.1,0.02,3.0,0.06,0.1,0.30000000000000004,1.8000000000000003,0.018000000000000002,2.0,False
100.0,0.1,0.02,10.0,0.02,0.1,1.0,2.0,0.02,2.0,False
100.0,0.1,0.05,1.0,0.1,0.1,0.1,1.0,0.01,5.0,False
100.0,0.1,0.05,1.5,0.1,0.1,0.15000000000000002,1.5000000000000002,0.015000000000000003,5.0,False
100.0,0.1,0.05,3.0,0.1,0.1,0.30000000000000004,3.0000000000000004,0.030000000000000006,5.0,False
100.0,0.1,0.05,10.0,0.05,0.1,1.0,5.0,0.05,5.0,False
100.0,0.5,0.005,1.0,0.01,0.5,0.5,0.5,0.005,0.5,False
100.0,0.5,0.005,1.5,0.01,0.5,0.75,0.75,0.0075,0.5,True
100.0,0.5,0.005,3.0,0.01,0.5,1.5,1.5,0.015,0.5,True
100.0,0.5,0.005,10.0,0.01,0.5,5.0,5.0,0.05,0.5,True
100.0,0.5,0.02,1.0,0.04,0.5,0.5,2.0,0.02,2.0,False
100.0,0.5,0.02,1.5,0.02,0.5,0.75,1.5,0.015,2.0,False
100.0,0.5,0.02,3.0,0.01,0.5,1.5,1.5,0.015,2.0,False
100.0,0.5,0.02,10.0,0.01,0.5,5.0,5.0,0.05,2.0,True
100.0,0.5,0.05,1.0,0.1,0.5,0.5,5.0,0.05,5.0,False
100.0,0.5,0.05,1.5,0.06,0.5,0.75,4.5,0.045,5.0,False
100.0,0.5,0.05,3.0,0.03,0.5,1.5,4.5,0.045,5.0,False
100.0,0.5,0.05,10.0,0.01,0.5,5.0,5.0,0.05,5.0,False
100.0,5.0,0.005,1.0,0.01,5.0,5.0,5.0,0.05,0.5,True
100.0,5.0,0.005,1.5,0.01,5.0,7.5,7.5,0.075,0.5,True
100.0,5.0,0.005,3.0,0.01,5.0,15.0,15.0,0.15,0.5,True
100.0,5.0,0.005,10.0,0.01,5.0,50.0,50.0,0.5,0.5,True
100.0,5.0,0.02,1.0,0.01,5.0,5.0,5.0,0.05,2.0,True
100.0,5.0,0.02,1.5,0.01,5.0,7.5,7.5,0.075,2.0,True
100.0,5.0,0.02,3.0,0.01,5.0,15.0,15.0,0.15,2.0,True
100.0,5.0,0.02,10.0,0.01,5.0,50.0,50.0,0.5,2.0,True
100.0,5.0,0.05,1.0,0.01,5.0,5.0,5.0,0.05,5.0,False
100.0,5.0,0.05,1.5,0.01,5.0,7.5,7.5,0.075,5.0,True
100.0,5.0,0.05,3.0,0.01,5.0,15.0,15.0,0.15,5.0,True
100.0,5.0,0.05,10.0,0.01,5.0,50.0,50.0,0.5,5.0,True
100.0,14.0,0.005,1.0,0.01,14.0,14.0,14.0,0.14,0.5,True
100.0,14.0,0.005,1.5,0.01,14.0,21.0,21.0,0.21,0.5,True
100.0,14.0,0.005,3.0,0.01,14.0,42.0,42.0,0.42,0.5,True
100.0,14.0,0.005,10.0,0.01,14.0,140.0,140.0,1.4,0.5,True
100.0,14.0,0.02,1.0,0.01,14.0,14.0,14.0,0.14,2.0,True
100.0,14.0,0.02,1.5,0.01,14.0,21.0,21.0,0.21,2.0,True
100.0,14.0,0.02,3.0,0.01,14.0,42.0,42.0,0.42,2.0,True
100.0,14.0,0.02,10.0,0.01,14.0,140.0,140.0,1.4,2.0,True
100.0,14.0,0.05,1.0,0.01,14.0,14.0,14.0,0.14,5.0,True
100.0,14.0,0.05,1.5,0.01,14.0,21.0,21.0,0.21,5.0,True
100.0,14.0,0.05,3.0,0.01,14.0,42.0,42.0,0.42,5.0,True
100.0,14.0,0.05,10.0,0.01,14.0,140.0,140.0,1.4,5.0,True
100.0,22.0,0.005,1.0,0.01,22.0,22.0,22.0,0.22,0.5,True
100.0,22.0,0.005,1.5,0.01,22.0,33.0,33.0,0.33,0.5,True
100.0,22.0,0.005,3.0,0.01,22.0,66.0,66.0,0.66,0.5,True
100.0,22.0,0.005,10.0,0.01,22.0,220.0,220.0,2.2,0.5,True
100.0,22.0,0.02,1.0,0.01,22.0,22.0,22.0,0.22,2.0,True
100.0,22.0,0.02,1.5,0.01,22.0,33.0,33.0,0.33,2.0,True
100.0,22.0,0.02,3.0,0.01,22.0,66.0,66.0,0.66,2.0,True
100.0,22.0,0.02,10.0,0.01,22.0,220.0,220.0,2.2,2.0,True
100.0,22.0,0.05,1.0,0.01,22.0,22.0,22.0,0.22,5.0,True
100.0,22.0,0.05,1.5,0.01,22.0,33.0,33.0,0.33,5.0,True
100.0,22.0,0.05,3.0,0.01,22.0,66.0,66.0,0.66,5.0,True
100.0,22.0,0.05,10.0,0.01,22.0,220.0,220.0,2.2,5.0,True
100.0,60.0,0.005,1.0,0.01,60.0,60.0,60.0,0.6,0.5,True
100.0,60.0,0.005,1.5,0.01,60.0,90.0,90.0,0.9,0.5,True
100.0,60.0,0.005,3.0,0.01,60.0,180.0,180.0,1.8,0.5,True
100.0,60.0,0.005,10.0,0.01,60.0,600.0,600.0,6.0,0.5,True
100.0,60.0,0.02,1.0,0.01,60.0,60.0,60.0,0.6,2.0,True
100.0,60.0,0.02,1.5,0.01,60.0,90.0,90.0,0.9,2.0,True
100.0,60.0,0.02,3.0,0.01,60.0,180.0,180.0,1.8,2.0,True
100.0,60.0,0.02,10.0,0.01,60.0,600.0,600.0,6.0,2.0,True
100.0,60.0,0.05,1.0,0.01,60.0,60.0,60.0,0.6,5.0,True
100.0,60.0,0.05,1.5,0.01,60.0,90.0,90.0,0.9,5.0,True
100.0,60.0,0.05,3.0,0.01,60.0,180.0,180.0,1.8,5.0,True
100.0,60.0,0.05,10.0,0.01,60.0,600.0,600.0,6.0,5.0,True
500.0,0.001,0.005,1.0,0.1,0.1,0.1,1.0,0.002,2.5,False
500.0,0.001,0.005,1.5,0.1,0.1,0.15000000000000002,1.5000000000000002,0.0030000000000000005,2.5,False
500.0,0.001,0.005,3.0,0.08,0.1,0.30000000000000004,2.4000000000000004,0.0048000000000000004,2.5,False
500.0,0.001,0.005,10.0,0.02,0.1,1.0,2.0,0.004,2.5,False
500.0,0.001,0.02,1.0,0.1,0.1,0.1,1.0,0.002,10.0,False
500.0,0.001,0.02,1.5,0.1,0.1,0.15000000000000002,1.5000000000000002,0.0030000000000000005,10.0,False
500.0,0.001,0.02,3.0,0.1,0.1,0.30000000000000004,3.0000000000000004,0.006000000000000001,10.0,False
500.0,0.001,0.02,10.0,0.1,0.1,1.0,10.0,0.02,10.0,False
500.0,0.001,0.05,1.0,0.1,0.1,0.1,1.0,0.002,25.0,False
500.0,0.001,0.05,1.5,0.1,0.1,0.15000000000000002,1.5000000000000002,0.0030000000000000005,25.0,False
500.0,0.001,0.05,3.0,0.1,0.1,0.30000000000000004,3.0000000000000004,0.006000000000000001,25.0,False
500.0,0.001,0.05,10.0,0.1,0.1,1.0,10.0,0.02,25.0,False
500.0,0.05,0.005,1.0,0.1,0.1,0.1,1.0,0.002,2.5,False
500.0,0.05,0.005,1.5,0.1,0.1,0.15000000000000002,1.5000000000000002,0.0030000000000000005,2.5,False
500.0,0.05,0.005,3.0,0.08,0.1,0.30000000000000004,2.4000000000000004,0.0048000000000000004,2.5,False
500.0,0.05,0.005,10.0,0.02,0.1,1.0,2.0,0.004,2.5,False
500.0,0.05,0.02,1.0,0.1,0.1,0.1,1.0,0.002,10.0,False
500.0,0.05,0.02,1.5,0.1,0.1,0.15000000000000002,1.5000000000000002,0.0030000000000000005,10.0,False
500.0,0.05,0.02,3.0,0.1,0.1,0.30000000000000004,3.0000000000000004,0.006000000000000001,10.0,False
500.0,0.05,0.02,10.0,0.1,0.1,1.0,10.0,0.02,10.0,False
500.0,0.05,0.05,1.0,0.1,0.1,0.1,1.0,0.002,25.0,False
500.0,0.05,0.05,1.5,0.1,0.1,0.15000000000000002,1.5000000000000002,0.0030000000000000005,25.0,False
500.0,0.05,0.05,3.0,0.1,0.1,0.30000000000000004,3.0000000000000004,0.006000000000000001,25.0,False
500.0,0.05,0.05,10.0,0.1,0.1,1.0,10.0,0.02,25.0,False
500.0,0.1,0.005,1.0,0.1,0.1,0.1,1.0,0.002,2.5,False
500.0,0.1,0.005,1.5,0.1,0.1,0.15000000000000002,1.5000000000000002,0.0030000000000000005,2.5,False
500.0,0.1,0.005,3.0,0.08,0.1,0.30000000000000004,2.4000000000000004,0.0048000000000000004,2.5,False
500.0,0.1,0.005,10.0,0.02,0.1,1.0,2.0,0.004,2.5,False
500.0,0.1,0.02,1.0,0.1,0.1,0.1,1.0,0.002,10.0,False
500.0,0.1,0.02,1.5,0.1,0.1,0.15000000000000002,1.5000000000000002,0.0030000000000000005,10.0,False
500.0,0.1,0.02,3.0,0.1,0.1,0.30000000000000004,3.0000000000000004,0.006000000000000001,10.0,False
500.0,0.1,0.02,10.0,0.1,0.1,1.0,10.0,0.02,10.0,False
500.0,0.1,0.05,1.0,0.1,0.1,0.1,1.0,0.002,25.0,False
500.0,0.1,0.05,1.5,0.1,0.1,0.15000000000000002,1.5000000000000002,0.0030000000000000005,25.0,False
500.0,0.1,0.05,3.0,0.1,0.1,0.30000000000000004,3.0000000000000004,0.006000000000000001,25.0,False
500.0,0.1,0.05,10.0,0.1,0.1,1.0,10.0,0.02,25.0,False
500.0,0.5,0.005,1.0,0.05,0.5,0.5,2.5,0.005,2.5,False
500.0,0.5,0.005,1.5,0.03,0.5,0.75,2.25,0.0045,2.5,False
500.0,0.5,0.005,3.0,0.01,0.5,1.5,1.5,0.003,2.5,False
500.0,0.5,0.005,10.0,0.01,0.5,5.0,5.0,0.01,2.5,True
500.0,0.5,0.02,1.0,0.1,0.5,0.5,5.0,0.01,10.0,False
500.0,0.5,0.02,1.5,0.1,0.5,0.75,7.5,0.015,10.0,False
500.0,0.5,0.02,3.0,0.06,0.5,1.5,9.0,0.018,10.0,False
500.0,0.5,0.02,10.0,0.02,0.5,5.0,10.0,0.02,10.0,False
500.0,0.5,0.05,1.0,0.1,0.5,0.5,5.0,0.01,25.0,False
500.0,0.5,0.05,1.5,0.1,0.5,0.75,7.5,0.015,25.0,False
500.0,0.5,0.05,3.0,0.1,0.5,1.5,15.0,0.03,25.0,False
500.0,0.5,0.05,10.0,0.05,0.5,5.0,25.0,0.05,25.0,False
500.0,5.0,0.005,1.0,0.01,5.0,5.0,5.0,0.01,2.5,True
500.0,5.0,0.005,1.5,0.01,5.0,7.5,7.5,0.015,2.5,True
500.0,5.0,0.005,3.0,0.01,5.0,15.0,15.0,0.03,2.5,True
500.0,5.0,0.005,10.0,0.01,5.0,50.0,50.0,0.1,2.5,True
500.0,5.0,0.02,1.0,0.02,5.0,5.0,10.0,0.02,10.0,False
500.0,5.0,0.02,1.5,0.01,5.0,7.5,7.5,0.015,10.0,False
500.0,5.0,0.02,3.0,0.01,5.0,15.0,15.0,0.03,10.0,True
500.0,5.0,0.02,10.0,0.01,5.0,50.0,50.0,0.1,10.0,True
500.0,5.0,0.05,1.0,0.05,5.0,5.0,25.0,0.05,25.0,False
500.0,5.0,0.05,1.5,0.03,5.0,7.5,22.5,0.045,25.0,False
500.0,5.0,0.05,3.0,0.01,5.0,15.0,15.0,0.03,25.0,False
500.0,5.0,0.05,10.0,0.01,5.0,50.0,50.0,0.1,25.0,True
500.0,14.0,0.005,1.0,0.01,14.0,14.0,14.0,0.028,2.5,True
500.0,14.0,0.005,1.5,0.01,14.0,21.0,21.0,0.042,2.5,True
500.0,14.0,0.005,3.0,0.01,14.0,42.0,42.0,0.084,2.5,True
500.0,14.0,0.005,10.0,0.01,14.0,140.0,140.0,0.28,2.5,True
500.0,14.0,0.02,1.0,0.01,14.0,14.0,14.0,0.028,10.0,True
500.0,14.0,0.02,1.5,0.01,14.0,21.0,21.0,0.042,10.0,True
500.0,14.0,0.02,3.0,0.01,14.0,42.0,42.0,0.084,10.0,True
500.0,14.0,0.02,10.0,0.01,14.0,140.0,140.0,0.28,10.0,True
500.0,14.0,0.05,1.0,0.01,14.0,14.0,14.0,0.028,25.0,False
500.0,14.0,0.05,1.5,0.01,14.0,21.0,21.0,0.042,25.0,False
500.0,14.0,0.05,3.0,0.01,14.0,42.0,42.0,0.084,25.0,True
500.0,14.0,0.05,10.0,0.01,14.0,140.0,140.0,0.28,25.0,True
500.0,22.0,0.005,1.0,0.01,22.0,22.0,22.0,0.044,2.5,True
500.0,22.0,0.005,1.5,0.01,22.0,33.0,33.0,0.066,2.5,True
500.0,22.0,0.005,3.0,0.01,22.0,66.0,66.0,0.132,2.5,True
500.0,22.0,0.005,10.0,0.01,22.0,220.0,220.0,0.44,2.5,True
500.0,22.0,0.02,1.0,0.01,22.0,22.0,22.0,0.044,10.0,True
500.0,22.0,0.02,1.5,0.01,22.0,33.0,33.0,0.066,10.0,True
500.0,22.0,0.02,3.0,0.01,22.0,66.0,66.0,0.132,10.0,True
500.0,22.0,0.02,10.0,0.01,22.0,220.0,220.0,0.44,10.0,True
500.0,22.0,0.05,1.0,0.01,22.0,22.0,22.0,0.044,25.0,False
500.0,22.0,0.05,1.5,0.01,22.0,33.0,33.0,0.066,25.0,True
500.0,22.0,0.05,3.0,0.01,22.0,66.0,66.0,0.132,25.0,True
500.0,22.0,0.05,10.0,0.01,22.0,220.0,220.0,0.44,25.0,True
500.0,60.0,0.005,1.0,0.01,60.0,60.0,60.0,0.12,2.5,True
500.0,60.0,0.005,1.5,0.01,60.0,90.0,90.0,0.18,2.5,True
500.0,60.0,0.005,3.0,0.01,60.0,180.0,180.0,0.36,2.5,True
500.0,60.0,0.005,10.0,0.01,60.0,600.0,600.0,1.2,2.5,True
500.0,60.0,0.02,1.0,0.01,60.0,60.0,60.0,0.12,10.0,True
500.0,60.0,0.02,1.5,0.01,60.0,90.0,90.0,0.18,10.0,True
500.0,60.0,0.02,3.0,0.01,60.0,180.0,180.0,0.36,10.0,True
500.0,60.0,0.02,10.0,0.01,60.0,600.0,600.0,1.2,10.0,True
500.0,60.0,0.05,1.0,0.01,60.0,60.0,60.0,0.12,25.0,True
500.0,60.0,0.05,1.5,0.01,60.0,90.0,90.0,0.18,25.0,True
500.0,60.0,0.05,3.0,0.01,60.0,180.0,180.0,0.36,25.0,True
500.0,60.0,0.05,10.0,0.01,60.0,600.0,600.0,1.2,25.0,True
3643.0,0.001,0.005,1.0,0.1,0.1,0.1,1.0,0.0002744990392533626,18.215,False
3643.0,0.001,0.005,1.5,0.1,0.1,0.15000000000000002,1.5000000000000002,0.000411748558880044,18.215,False
3643.0,0.001,0.005,3.0,0.1,0.1,0.30000000000000004,3.0000000000000004,0.000823497117760088,18.215,False
3643.0,0.001,0.005,10.0,0.1,0.1,1.0,10.0,0.002744990392533626,18.215,False
3643.0,0.001,0.02,1.0,0.1,0.1,0.1,1.0,0.0002744990392533626,72.86,False
3643.0,0.001,0.02,1.5,0.1,0.1,0.15000000000000002,1.5000000000000002,0.000411748558880044,72.86,False
3643.0,0.001,0.02,3.0,0.1,0.1,0.30000000000000004,3.0000000000000004,0.000823497117760088,72.86,False
3643.0,0.001,0.02,10.0,0.1,0.1,1.0,10.0,0.002744990392533626,72.86,False
3643.0,0.001,0.05,1.0,0.1,0.1,0.1,1.0,0.0002744990392533626,182.15,False
3643.0,0.001,0.05,1.5,0.1,0.1,0.15000000000000002,1.5000000000000002,0.000411748558880044,182.15,False
3643.0,0.001,0.05,3.0,0.1,0.1,0.30000000000000004,3.0000000000000004,0.000823497117760088,182.15,False
3643.0,0.001,0.05,10.0,0.1,0.1,1.0,10.0,0.002744990392533626,182.15,False
3643.0,0.05,0.005,1.0,0.1,0.1,0.1,1.0,0.0002744990392533626,18.215,False
3643.0,0.05,0.005,1.5,0.1,0.1,0.15000000000000002,1.5000000000000002,0.000411748558880044,18.215,False
3643.0,0.05,0.005,3.0,0.1,0.1,0.30000000000000004,3.0000000000000004,0.000823497117760088,18.215,False
3643.0,0.05,0.005,10.0,0.1,0.1,1.0,10.0,0.002744990392533626,18.215,False
3643.0,0.05,0.02,1.0,0.1,0.1,0.1,1.0,0.0002744990392533626,72.86,False
3643.0,0.05,0.02,1.5,0.1,0.1,0.15000000000000002,1.5000000000000002,0.000411748558880044,72.86,False
3643.0,0.05,0.02,3.0,0.1,0.1,0.30000000000000004,3.0000000000000004,0.000823497117760088,72.86,False
3643.0,0.05,0.02,10.0,0.1,0.1,1.0,10.0,0.002744990392533626,72.86,False
3643.0,0.05,0.05,1.0,0.1,0.1,0.1,1.0,0.0002744990392533626,182.15,False
3643.0,0.05,0.05,1.5,0.1,0.1,0.15000000000000002,1.5000000000000002,0.000411748558880044,182.15,False
3643.0,0.05,0.05,3.0,0.1,0.1,0.30000000000000004,3.0000000000000004,0.000823497117760088,182.15,False
3643.0,0.05,0.05,10.0,0.1,0.1,1.0,10.0,0.002744990392533626,182.15,False
3643.0,0.1,0.005,1.0,0.1,0.1,0.1,1.0,0.0002744990392533626,18.215,False
3643.0,0.1,0.005,1.5,0.1,0.1,0.15000000000000002,1.5000000000000002,0.000411748558880044,18.215,False
3643.0,0.1,0.005,3.0,0.1,0.1,0.30000000000000004,3.0000000000000004,0.000823497117760088,18.215,False
3643.0,0.1,0.005,10.0,0.1,0.1,1.0,10.0,0.002744990392533626,18.215,False
3643.0,0.1,0.02,1.0,0.1,0.1,0.1,1.0,0.0002744990392533626,72.86,False
3643.0,0.1,0.02,1.5,0.1,0.1,0.15000000000000002,1.5000000000000002,0.000411748558880044,72.86,False
3643.0,0.1,0.02,3.0,0.1,0.1,0.30000000000000004,3.0000000000000004,0.000823497117760088,72.86,False
3643.0,0.1,0.02,10.0,0.1,0.1,1.0,10.0,0.002744990392533626,72.86,False
3643.0,0.1,0.05,1.0,0.1,0.1,0.1,1.0,0.0002744990392533626,182.15,False
3643.0,0.1,0.05,1.5,0.1,0.1,0.15000000000000002,1.5000000000000002,0.000411748558880044,182.15,False
3643.0,0.1,0.05,3.0,0.1,0.1,0.30000000000000004,3.0000000000000004,0.000823497117760088,182.15,False
3643.0,0.1,0.05,10.0,0.1,0.1,1.0,10.0,0.002744990392533626,182.15,False
3643.0,0.5,0.005,1.0,0.1,0.5,0.5,5.0,0.001372495196266813,18.215,False
3643.0,0.5,0.005,1.5,0.1,0.5,0.75,7.5,0.0020587427944002198,18.215,False
3643.0,0.5,0.005,3.0,0.1,0.5,1.5,15.0,0.0041174855888004395,18.215,False
3643.0,0.5,0.005,10.0,0.03,0.5,5.0,15.0,0.0041174855888004395,18.215,False
3643.0,0.5,0.02,1.0,0.1,0.5,0.5,5.0,0.001372495196266813,72.86,False
3643.0,0.5,0.02,1.5,0.1,0.5,0.75,7.5,0.0020587427944002198,72.86,False
3643.0,0.5,0.02,3.0,0.1,0.5,1.5,15.0,0.0041174855888004395,72.86,False
3643.0,0.5,0.02,10.0,0.1,0.5,5.0,50.0,0.01372495196266813,72.86,False
3643.0,0.5,0.05,1.0,0.1,0.5,0.5,5.0,0.001372495196266813,182.15,False
3643.0,0.5,0.05,1.5,0.1,0.5,0.75,7.5,0.0020587427944002198,182.15,False
3643.0,0.5,0.05,3.0,0.1,0.5,1.5,15.0,0.0041174855888004395,182.15,False
3643.0,0.5,0.05,10.0,0.1,0.5,5.0,50.0,0.01372495196266813,182.15,False
3643.0,5.0,0.005,1.0,0.03,5.0,5.0,15.0,0.0041174855888004395,18.215,False
3643.0,5.0,0.005,1.5,0.02,5.0,7.5,15.0,0.0041174855888004395,18.215,False
3643.0,5.0,0.005,3.0,0.01,5.0,15.0,15.0,0.0041174855888004395,18.215,False
3643.0,5.0,0.005,10.0,0.01,5.0,50.0,50.0,0.01372495196266813,18.215,True
3643.0,5.0,0.02,1.0,0.1,5.0,5.0,50.0,0.01372495196266813,72.86,False
3643.0,5.0,0.02,1.5,0.09,5.0,7.5,67.5,0.018528685149601976,72.86,False
3643.0,5.0,0.02,3.0,0.04,5.0,15.0,60.0,0.016469942355201758,72.86,False
3643.0,5.0,0.02,10.0,0.01,5.0,50.0,50.0,0.01372495196266813,72.86,False
3643.0,5.0,0.05,1.0,0.1,5.0,5.0,50.0,0.01372495196266813,182.15,False
3643.0,5.0,0.05,1.5,0.1,5.0,7.5,75.0,0.020587427944002194,182.15,False
3643.0,5.0,0.05,3.0,0.1,5.0,15.0,150.0,0.04117485588800439,182.15,False
3643.0,5.0,0.05,10.0,0.03,5.0,50.0,150.0,0.04117485588800439,182.15,False
3643.0,14.0,0.005,1.0,0.01,14.0,14.0,14.0,0.0038429865495470767,18.215,False
3643.0,14.0,0.005,1.5,0.01,14.0,21.0,21.0,0.005764479824320615,18.215,True
3643.0,14.0,0.005,3.0,0.01,14.0,42.0,42.0,0.01152895964864123,18.215,True
3643.0,14.0,0.005,10.0,0.01,14.0,140.0,140.0,0.03842986549547077,18.215,True
3643.0,14.0,0.02,1.0,0.05,14.0,14.0,70.0,0.019214932747735385,72.86,False
3643.0,14.0,0.02,1.5,0.03,14.0,21.0,63.0,0.017293439472961844,72.86,False
3643.0,14.0,0.02,3.0,0.01,14.0,42.0,42.0,0.01152895964864123,72.86,False
3643.0,14.0,0.02,10.0,0.01,14.0,140.0,140.0,0.03842986549547077,72.86,True
3643.0,14.0,0.05,1.0,0.1,14.0,14.0,140.0,0.03842986549547077,182.15,False
3643.0,14.0,0.05,1.5,0.08,14.0,21.0,168.0,0.04611583859456492,182.15,False
3643.0,14.0,0.05,3.0,0.04,14.0,42.0,168.0,0.04611583859456492,182.15,False
3643.0,14.0,0.05,10.0,0.01,14.0,140.0,140.0,0.03842986549547077,182.15,False
3643.0,22.0,0.005,1.0,0.01,22.0,22.0,22.0,0.0060389788635739775,18.215,True
3643.0,22.0,0.005,1.5,0.01,22.0,33.0,33.0,0.009058468295360967,18.215,True
3643.0,22.0,0.005,3.0,0.01,22.0,66.0,66.0,0.018116936590721933,18.215,True
3643.0,22.0,0.005,10.0,0.01,22.0,220.0,220.0,0.06038978863573977,18.215,True
3643.0,22.0,0.02,1.0,0.03,22.0,22.0,66.0,0.018116936590721933,72.86,False
3643.0,22.0,0.02,1.5,0.02,22.0,33.0,66.0,0.018116936590721933,72.86,False
3643.0,22.0,0.02,3.0,0.01,22.0,66.0,66.0,0.018116936590721933,72.86,False
3643.0,22.0,0.02,10.0,0.01,22.0,220.0,220.0,0.06038978863573977,72.86,True
3643.0,22.0,0.05,1.0,0.08,22.0,22.0,176.0,0.04831183090859182,182.15,False
3643.0,22.0,0.05,1.5,0.05,22.0,33.0,165.0,0.04529234147680483,182.15,False
3643.0,22.0,0.05,3.0,0.02,22.0,66.0,132.0,0.03623387318144387,182.15,False
3643.0,22.0,0.05,10.0,0.01,22.0,220.0,220.0,0.06038978863573977,182.15,True
3643.0,60.0,0.005,1.0,0.01,60.0,60.0,60.0,0.016469942355201758,18.215,True
3643.0,60.0,0.005,1.5,0.01,60.0,90.0,90.0,0.024704913532802634,18.215,True
3643.0,60.0,0.005,3.0,0.01,60.0,180.0,180.0,0.04940982706560527,18.215,True
3643.0,60.0,0.005,10.0,0.01,60.0,600.0,600.0,0.16469942355201755,18.215,True
3643.0,60.0,0.02,1.0,0.01,60.0,60.0,60.0,0.016469942355201758,72.86,False
3643.0,60.0,0.02,1.5,0.01,60.0,90.0,90.0,0.024704913532802634,72.86,True
3643.0,60.0,0.02,3.0,0.01,60.0,180.0,180.0,0.04940982706560527,72.86,True
3643.0,60.0,0.02,10.0,0.01,60.0,600.0,600.0,0.16469942355201755,72.86,True
3643.0,60.0,0.05,1.0,0.03,60.0,60.0,180.0,0.04940982706560527,182.15,False
3643.0,60.0,0.05,1.5,0.02,60.0,90.0,180.0,0.04940982706560527,182.15,False
3643.0,60.0,0.05,3.0,0.01,60.0,180.0,180.0,0.04940982706560527,182.15,False
3643.0,60.0,0.05,10.0,0.01,60.0,600.0,600.0,0.16469942355201755,182.15,True
10000.0,0.001,0.005,1.0,0.1,0.1,0.1,1.0,0.0001,50.0,False
10000.0,0.001,0.005,1.5,0.1,0.1,0.15000000000000002,1.5000000000000002,0.00015000000000000001,50.0,False
10000.0,0.001,0.005,3.0,0.1,0.1,0.30000000000000004,3.0000000000000004,0.00030000000000000003,50.0,False
10000.0,0.001,0.005,10.0,0.1,0.1,1.0,10.0,0.001,50.0,False
10000.0,0.001,0.02,1.0,0.1,0.1,0.1,1.0,0.0001,200.0,False
10000.0,0.001,0.02,1.5,0.1,0.1,0.15000000000000002,1.5000000000000002,0.00015000000000000001,200.0,False
10000.0,0.001,0.02,3.0,0.1,0.1,0.30000000000000004,3.0000000000000004,0.00030000000000000003,200.0,False
10000.0,0.001,0.02,10.0,0.1,0.1,1.0,10.0,0.001,200.0,False
10000.0,0.001,0.05,1.0,0.1,0.1,0.1,1.0,0.0001,500.0,False
10000.0,0.001,0.05,1.5,0.1,0.1,0.15000000000000002,1.5000000000000002,0.00015000000000000001,500.0,False
10000.0,0.001,0.05,3.0,0.1,0.1,0.30000000000000004,3.0000000000000004,0.00030000000000000003,500.0,False
10000.0,0.001,0.05,10.0,0.1,0.1,1.0,10.0,0.001,500.0,False
10000.0,0.05,0.005,1.0,0.1,0.1,0.1,1.0,0.0001,50.0,False
10000.0,0.05,0.005,1.5,0.1,0.1,0.15000000000000002,1.5000000000000002,0.00015000000000000001,50.0,False
10000.0,0.05,0.005,3.0,0.1,0.1,0.30000000000000004,3.0000000000000004,0.00030000000000000003,50.0,False
10000.0,0.05,0.005,10.0,0.1,0.1,1.0,10.0,0.001,50.0,False
10000.0,0.05,0.02,1.0,0.1,0.1,0.1,1.0,0.0001,200.0,False
10000.0,0.05,0.02,1.5,0.1,0.1,0.15000000000000002,1.5000000000000002,0.00015000000000000001,200.0,False
10000.0,0.05,0.02,3.0,0.1,0.1,0.30000000000000004,3.0000000000000004,0.00030000000000000003,200.0,False
10000.0,0.05,0.02,10.0,0.1,0.1,1.0,10.0,0.001,200.0,False
10000.0,0.05,0.05,1.0,0.1,0.1,0.1,1.0,0.0001,500.0,False
10000.0,0.05,0.05,1.5,0.1,0.1,0.15000000000000002,1.5000000000000002,0.00015000000000000001,500.0,False
10000.0,0.05,0.05,3.0,0.1,0.1,0.30000000000000004,3.0000000000000004,0.00030000000000000003,500.0,False
10000.0,0.05,0.05,10.0,0.1,0.1,1.0,10.0,0.001,500.0,False
10000.0,0.1,0.005,1.0,0.1,0.1,0.1,1.0,0.0001,50.0,False
10000.0,0.1,0.005,1.5,0.1,0.1,0.15000000000000002,1.5000000000000002,0.00015000000000000001,50.0,False
10000.0,0.1,0.005,3.0,0.1,0.1,0.30000000000000004,3.0000000000000004,0.00030000000000000003,50.0,False
10000.0,0.1,0.005,10.0,0.1,0.1,1.0,10.0,0.001,50.0,False
10000.0,0.1,0.02,1.0,0.1,0.1,0.1,1.0,0.0001,200.0,False
10000.0,0.1,0.02,1.5,0.1,0.1,0.15000000000000002,1.5000000000000002,0.00015000000000000001,200.0,False
10000.0,0.1,0.02,3.0,0.1,0.1,0.30000000000000004,3.0000000000000004,0.00030000000000000003,200.0,False
10000.0,0.1,0.02,10.0,0.1,0.1,1.0,10.0,0.001,200.0,False
10000.0,0.1,0.05,1.0,0.1,0.1,0.1,1.0,0.0001,500.0,False
10000.0,0.1,0.05,1.5,0.1,0.1,0.15000000000000002,1.5000000000000002,0.00015000000000000001,500.0,False
10000.0,0.1,0.05,3.0,0.1,0.1,0.30000000000000004,3.0000000000000004,0.00030000000000000003,500.0,False
10000.0,0.1,0.05,10.0,0.1,0.1,1.0,10.0,0.001,500.0,False
10000.0,0.5,0.005,1.0,0.1,0.5,0.5,5.0,0.0005,50.0,False
10000.0,0.5,0.005,1.5,0.1,0.5,0.75,7.5,0.00075,50.0,False
10000.0,0.5,0.005,3.0,0.1,0.5,1.5,15.0,0.0015,50.0,False
10000.0,0.5,0.005,10.0,0.1,0.5,5.0,50.0,0.005,50.0,False
10000.0,0.5,0.02,1.0,0.1,0.5,0.5,5.0,0.0005,200.0,False
10000.0,0.5,0.02,1.5,0.1,0.5,0.75,7.5,0.00075,200.0,False
10000.0,0.5,0.02,3.0,0.1,0.5,1.5,15.0,0.0015,200.0,False
10000.0,0.5,0.02,10.0,0.1,0.5,5.0,50.0,0.005,200.0,False
10000.0,0.5,0.05,1.0,0.1,0.5,0.5,5.0,0.0005,500.0,False
10000.0,0.5,0.05,1.5,0.1,0.5,0.75,7.5,0.00075,500.0,False
10000.0,0.5,0.05,3.0,0.1,0.5,1.5,15.0,0.0015,500.0,False
10000.0,0.5,0.05,10.0,0.1,0.5,5.0,50.0,0.005,500.0,False
10000.0,5.0,0.005,1.0,0.1,5.0,5.0,50.0,0.005,50.0,False
10000.0,5.0,0.005,1.5,0.06,5.0,7.5,45.0,0.0045,50.0,False
10000.0,5.0,0.005,3.0,0.03,5.0,15.0,45.0,0.0045,50.0,False
10000.0,5.0,0.005,10.0,0.01,5.0,50.0,50.0,0.005,50.0,False
10000.0,5.0,0.02,1.0,0.1,5.0,5.0,50.0,0.005,200.0,False
10000.0,5.0,0.02,1.5,0.1,5.0,7.5,75.0,0.0075,200.0,False
10000.0,5.0,0.02,3.0,0.1,5.0,15.0,150.0,0.015,200.0,False
10000.0,5.0,0.02,10.0,0.04,5.0,50.0,200.0,0.02,200.0,False
10000.0,5.0,0.05,1.0,0.1,5.0,5.0,50.0,0.005,500.0,False
10000.0,5.0,0.05,1.5,0.1,5.0,7.5,75.0,0.0075,500.0,False
10000.0,5.0,0.05,3.0,0.1,5.0,15.0,150.0,0.015,500.0,False
10000.0,5.0,0.05,10.0,0.1,5.0,50.0,500.0,0.05,500.0,False
10000.0,14.0,0.005,1.0,0.03,14.0,14.0,42.0,0.0042,50.0,False
10000.0,14.0,0.005,1.5,0.02,14.0,21.0,42.0,0.0042,50.0,False
10000.0,14.0,0.005,3.0,0.01,14.0,42.0,42.0,0.0042,50.0,False
10000.0,14.0,0.005,10.0,0.01,14.0,140.0,140.0,0.014,50.0,True
10000.0,14.0,0.02,1.0,0.1,14.0,14.0,140.0,0.014,200.0,False
10000.0,14.0,0.02,1.5,0.09,14.0,21.0,189.0,0.0189,200.0,False
10000.0,14.0,0.02,3.0,0.04,14.0,42.0,168.0,0.0168,200.0,False
10000.0,14.0,0.02,10.0,0.01,14.0,140.0,140.0,0.014,200.0,False
10000.0,14.0,0.05,1.0,0.1,14.0,14.0,140.0,0.014,500.0,False
10000.0,14.0,0.05,1.5,0.1,14.0,21.0,210.0,0.021,500.0,False
10000.0,14.0,0.05,3.0,0.1,14.0,42.0,420.0,0.042,500.0,False
10000.0,14.0,0.05,10.0,0.03,14.0,140.0,420.0,0.042,500.0,False
10000.0,22.0,0.005,1.0,0.02,22.0,22.0,44.0,0.0044,50.0,False
10000.0,22.0,0.005,1.5,0.01,22.0,33.0,33.0,0.0033,50.0,False
10000.0,22.0,0.005,3.0,0.01,22.0,66.0,66.0,0.0066,50.0,True
10000.0,22.0,0.005,10.0,0.01,22.0,220.0,220.0,0.022,50.0,True
10000.0,22.0,0.02,1.0,0.09,22.0,22.0,198.0,0.0198,200.0,False
10000.0,22.0,0.02,1.5,0.06,22.0,33.0,198.0,0.0198,200.0,False
10000.0,22.0,0.02,3.0,0.03,22.0,66.0,198.0,0.0198,200.0,False
10000.0,22.0,0.02,10.0,0.01,22.0,220.0,220.0,0.022,200.0,True
10000.0,22.0,0.05,1.0,0.1,22.0,22.0,220.0,0.022,500.0,False
10000.0,22.0,0.05,1.5,0.1,22.0,33.0,330.0,0.033,500.0,False
10000.0,22.0,0.05,3.0,0.07,22.0,66.0,462.00000000000006,0.046200000000000005,500.0,False
10000.0,22.0,0.05,10.0,0.02,22.0,220.0,440.0,0.044,500.0,False
10000.0,60.0,0.005,1.0,0.01,60.0,60.0,60.0,0.006,50.0,True
10000.0,60.0,0.005,1.5,0.01,60.0,90.0,90.0,0.009,50.0,True
10000.0,60.0,0.005,3.0,0.01,60.0,180.0,180.0,0.018,50.0,True
10000.0,60.0,0.005,10.0,0.01,60.0,600.0,600.0,0.06,50.0,True
10000.0,60.0,0.02,1.0,0.03,60.0,60.0,180.0,0.018,200.0,False
10000.0,60.0,0.02,1.5,0.02,60.0,90.0,180.0,0.018,200.0,False
10000.0,60.0,0.02,3.0,0.01,60.0,180.0,180.0,0.018,200.0,False
10000.0,60.0,0.02,10.0,0.01,60.0,600.0,600.0,0.06,200.0,True
10000.0,60.0,0.05,1.0,0.08,60.0,60.0,480.0,0.048,500.0,False
10000.0,60.0,0.05,1.5,0.05,60.0,90.0,450.0,0.045,500.0,False
10000.0,60.0,0.05,3.0,0.02,60.0,180.0,360.0,0.036,500.0,False
10000.0,60.0,0.05,10.0,0.01,60.0,600.0,600.0,0.06,500.0,True
100000.0,0.001,0.005,1.0,0.1,0.1,0.1,1.0,1e-05,500.0,False
100000.0,0.001,0.005,1.5,0.1,0.1,0.15000000000000002,1.5000000000000002,1.5000000000000002e-05,500.0,False
100000.0,0.001,0.005,3.0,0.1,0.1,0.30000000000000004,3.0000000000000004,3.0000000000000004e-05,500.0,False
100000.0,0.001,0.005,10.0,0.1,0.1,1.0,10.0,0.0001,500.0,False
100000.0,0.001,0.02,1.0,0.1,0.1,0.1,1.0,1e-05,2000.0,False
100000.0,0.001,0.02,1.5,0.1,0.1,0.15000000000000002,1.5000000000000002,1.5000000000000002e-05,2000.0,False
100000.0,0.001,0.02,3.0,0.1,0.1,0.30000000000000004,3.0000000000000004,3.0000000000000004e-05,2000.0,False
100000.0,0.001,0.02,10.0,0.1,0.1,1.0,10.0,0.0001,2000.0,False
100000.0,0.001,0.05,1.0,0.1,0.1,0.1,1.0,1e-05,5000.0,False
100000.0,0.001,0.05,1.5,0.1,0.1,0.15000000000000002,1.5000000000000002,1.5000000000000002e-05,5000.0,False
100000.0,0.001,0.05,3.0,0.1,0.1,0.30000000000000004,3.0000000000000004,3.0000000000000004e-05,5000.0,False
100000.0,0.001,0.05,10.0,0.1,0.1,1.0,10.0,0.0001,5000.0,False
100000.0,0.05,0.005,1.0,0.1,0.1,0.1,1.0,1e-05,500.0,False
100000.0,0.05,0.005,1.5,0.1,0.1,0.15000000000000002,1.5000000000000002,1.5000000000000002e-05,500.0,False
100000.0,0.05,0.005,3.0,0.1,0.1,0.30000000000000004,3.0000000000000004,3.0000000000000004e-05,500.0,False
100000.0,0.05,0.005,10.0,0.1,0.1,1.0,10.0,0.0001,500.0,False
100000.0,0.05,0.02,1.0,0.1,0.1,0.1,1.0,1e-05,2000.0,False
100000.0,0.05,0.02,1.5,0.1,0.1,0.15000000000000002,1.5000000000000002,1.5000000000000002e-05,2000.0,False
100000.0,0.05,0.02,3.0,0.1,0.1,0.30000000000000004,3.0000000000000004,3.0000000000000004e-05,2000.0,False
100000.0,0.05,0.02,10.0,0.1,0.1,1.0,10.0,0.0001,2000.0,False
100000.0,0.05,0.05,1.0,0.1,0.1,0.1,1.0,1e-05,5000.0,False
100000.0,0.05,0.05,1.5,0.1,0.1,0.15000000000000002,1.5000000000000002,1.5000000000000002e-05,5000.0,False
100000.0,0.05,0.05,3.0,0.1,0.1,0.30000000000000004,3.0000000000000004,3.0000000000000004e-05,5000.0,False
100000.0,0.05,0.05,10.0,0.1,0.1,1.0,10.0,0.0001,5000.0,False
100000.0,0.1,0.005,1.0,0.1,0.1,0.1,1.0,1e-05,500.0,False
100000.0,0.1,0.005,1.5,0.1,0.1,0.15000000000000002,1.5000000000000002,1.5000000000000002e-05,500.0,False
100000.0,0.1,0.005,3.0,0.1,0.1,0.30000000000000004,3.0000000000000004,3.0000000000000004e-05,500.0,False
100000.0,0.1,0.005,10.0,0.1,0.1,1.0,10.0,0.0001,500.0,False
100000.0,0.1,0.02,1.0,0.1,0.1,0.1,1.0,1e-05,2000.0,False
100000.0,0.1,0.02,1.5,0.1,0.1,0.15000000000000002,1.5000000000000002,1.5000000000000002e-05,2000.0,False
100000.0,0.1,0.02,3.0,0.1,0.1,0.30000000000000004,3.0000000000000004,3.0000000000000004e-05,2000.0,False
100000.0,0.1,0.02,10.0,0.1,0.1,1.0,10.0,0.0001,2000.0,False
100000.0,0.1,0.05,1.0,0.1,0.1,0.1,1.0,1e-05,5000.0,False
100000.0,0.1,0.05,1.5,0.1,0.1,0.15000000000000002,1.5000000000000002,1.5000000000000002e-05,5000.0,False
100000.0,0.1,0.05,3.0,0.1,0.1,0.30000000000000004,3.0000000000000004,3.0000000000000004e-05,5000.0,False
100000.0,0.1,0.05,10.0,0.1,0.1,1.0,10.0,0.0001,5000.0,False
100000.0,0.5,0.005,1.0,0.1,0.5,0.5,5.0,5e-05,500.0,False
100000.0,0.5,0.005,1.5,0.1,0.5,0.75,7.5,7.5e-05,500.0,False
100000.0,0.5,0.005,3.0,0.1,0.5,1.5,15.0,0.00015,500.0,False
100000.0,0.5,0.005,10.0,0.1,0.5,5.0,50.0,0.0005,500.0,False
100000.0,0.5,0.02,1.0,0.1,0.5,0.5,5.0,5e-05,2000.0,False
100000.0,0.5,0.02,1.5,0.1,0.5,0.75,7.5,7.5e-05,2000.0,False
100000.0,0.5,0.02,3.0,0.1,0.5,1.5,15.0,0.00015,2000.0,False
100000.0,0.5,0.02,10.0,0.1,0.5,5.0,50.0,0.0005,2000.0,False
100000.0,0.5,0.05,1.0,0.1,0.5,0.5,5.0,5e-05,5000.0,False
100000.0,0.5,0.05,1.5,0.1,0.5,0.75,7.5,7.5e-05,5000.0,False
100000.0,0.5,0.05,3.0,0.1,0.5,1.5,15.0,0.00015,5000.0,False
100000.0,0.5,0.05,10.0,0.1,0.5,5.0,50.0,0.0005,5000.0,False
100000.0,5.0,0.005,1.0,0.1,5.0,5.0,50.0,0.0005,500.0,False
100000.0,5.0,0.005,1.5,0.1,5.0,7.5,75.0,0.00075,500.0,False
100000.0,5.0,0.005,3.0,0.1,5.0,15.0,150.0,0.0015,500.0,False
100000.0,5.0,0.005,10.0,0.1,5.0,50.0,500.0,0.005,500.0,False
100000.0,5.0,0.02,1.0,0.1,5.0,5.0,50.0,0.0005,2000.0,False
100000.0,5.0,0.02,1.5,0.1,5.0,7.5,75.0,0.00075,2000.0,False
100000.0,5.0,0.02,3.0,0.1,5.0,15.0,150.0,0.0015,2000.0,False
100000.0,5.0,0.02,10.0,0.1,5.0,50.0,500.0,0.005,2000.0,False
100000.0,5.0,0.05,1.0,0.1,5.0,5.0,50.0,0.0005,5000.0,False
100000.0,5.0,0.05,1.5,0.1,5.0,7.5,75.0,0.00075,5000.0,False
100000.0,5.0,0.05,3.0,0.1,5.0,15.0,150.0,0.0015,5000.0,False
100000.0,5.0,0.05,10.0,0.1,5.0,50.0,500.0,0.005,5000.0,False
100000.0,14.0,0.005,1.0,0.1,14.0,14.0,140.0,0.0014,500.0,False
100000.0,14.0,0.005,1.5,0.1,14.0,21.0,210.0,0.0021,500.0,False
100000.0,14.0,0.005,3.0,0.1,14.0,42.0,420.0,0.0042,500.0,False
100000.0,14.0,0.005,10.0,0.03,14.0,140.0,420.0,0.0042,500.0,False
100000.0,14.0,0.02,1.0,0.1,14.0,14.0,140.0,0.0014,2000.0,False
100000.0,14.0,0.02,1.5,0.1,14.0,21.0,210.0,0.0021,2000.0,False
100000.0,14.0,0.02,3.0,0.1,14.0,42.0,420.0,0.0042,2000.0,False
100000.0,14.0,0.02,10.0,0.1,14.0,140.0,1400.0,0.014,2000.0,False
100000.0,14.0,0.05,1.0,0.1,14.0,14.0,140.0,0.0014,5000.0,False
100000.0,14.0,0.05,1.5,0.1,14.0,21.0,210.0,0.0021,5000.0,False
100000.0,14.0,0.05,3.0,0.1,14.0,42.0,420.0,0.0042,5000.0,False
100000.0,14.0,0.05,10.0,0.1,14.0,140.0,1400.0,0.014,5000.0,False
100000.0,22.0,0.005,1.0,0.1,22.0,22.0,220.0,0.0022,500.0,False
100000.0,22.0,0.005,1.5,0.1,22.0,33.0,330.0,0.0033,500.0,False
100000.0,22.0,0.005,3.0,0.07,22.0,66.0,462.00000000000006,0.004620000000000001,500.0,False
100000.0,22.0,0.005,10.0,0.02,22.0,220.0,440.0,0.0044,500.0,False
100000.0,22.0,0.02,1.0,0.1,22.0,22.0,220.0,0.0022,2000.0,False
100000.0,22.0,0.02,1.5,0.1,22.0,33.0,330.0,0.0033,2000.0,False
100000.0,22.0,0.02,3.0,0.1,22.0,66.0,660.0,0.0066,2000.0,False
100000.0,22.0,0.02,10.0,0.09,22.0,220.0,1980.0,0.0198,2000.0,False
100000.0,22.0,0.05,1.0,0.1,22.0,22.0,220.0,0.0022,5000.0,False
100000.0,22.0,0.05,1.5,0.1,22.0,33.0,330.0,0.0033,5000.0,False
100000.0,22.0,0.05,3.0,0.1,22.0,66.0,660.0,0.0066,5000.0,False
100000.0,22.0,0.05,10.0,0.1,22.0,220.0,2200.0,0.022,5000.0,False
100000.0,60.0,0.005,1.0,0.08,60.0,60.0,480.0,0.0048,500.0,False
100000.0,60.0,0.005,1.5,0.05,60.0,90.0,450.0,0.0045,500.0,False
100000.0,60.0,0.005,3.0,0.02,60.0,180.0,360.0,0.0036,500.0,False
100000.0,60.0,0.005,10.0,0.01,60.0,600.0,600.0,0.006,500.0,True
100000.0,60.0,0.02,1.0,0.1,60.0,60.0,600.0,0.006,2000.0,False
100000.0,60.0,0.02,1.5,0.1,60.0,90.0,900.0,0.009,2000.0,False
100000.0,60.0,0.02,3.0,0.1,60.0,180.0,1800.0,0.018,2000.0,False
100000.0,60.0,0.02,10.0,0.03,60.0,600.0,1800.0,0.018,2000.0,False
100000.0,60.0,0.05,1.0,0.1,60.0,60.0,600.0,0.006,5000.0,False
100000.0,60.0,0.05,1.5,0.1,60.0,90.0,900.0,0.009,5000.0,False
100000.0,60.0,0.05,3.0,0.1,60.0,180.0,1800.0,0.018,5000.0,False
100000.0,60.0,0.05,10.0,0.08,60.0,600.0,4800.0,0.048,5000.0,False
